<x:xmpmeta tsc:version="2.0.1" xmlns:x="adobe:ns:meta/" xmlns:tsc="http://www.techsmith.com/xmp/tsc/">
   <rdf:RDF xmlns:rdf="http://www.w3.org/1999/02/22-rdf-syntax-ns#" xmlns:xmp="http://ns.adobe.com/xap/1.0/" xmlns:xmpDM="http://ns.adobe.com/xmp/1.0/DynamicMedia/" xmlns:xmpG="http://ns.adobe.com/xap/1.0/g/" xmlns:xmpMM="http://ns.adobe.com/xap/1.0/mm/" xmlns:tscDM="http://www.techsmith.com/xmp/tscDM/" xmlns:tscIQ="http://www.techsmith.com/xmp/tscIQ/" xmlns:tscHS="http://www.techsmith.com/xmp/tscHS/" xmlns:stDim="http://ns.adobe.com/xap/1.0/sType/Dimensions#" xmlns:stFnt="http://ns.adobe.com/xap/1.0/sType/Font#" xmlns:exif="http://ns.adobe.com/exif/1.0" xmlns:dc="http://purl.org/dc/elements/1.1/">
      <rdf:Description dc:date="2024-12-15 11:51:25 PM" dc:source="Camtasia,9.0.4,enu" dc:title="module21_4" tscDM:firstFrame="module21_4_First_Frame.png" tscDM:originId="67823403-5526-4B23-8647-20BF45EAEF59" tscDM:project="module21_4">
         <xmpDM:duration xmpDM:scale="1/1000" xmpDM:value="112200"/>
         <xmpDM:videoFrameSize stDim:unit="pixel" stDim:h="900" stDim:w="1416"/>
         <tsc:langName>
            <rdf:Bag>
               <rdf:li xml:lang="en-US">English</rdf:li></rdf:Bag>
         </tsc:langName>
         <xmpDM:Tracks>
            <rdf:Bag>
               <rdf:li>
                  <rdf:Description xmpDM:trackType="Caption" xmpDM:frameRate="f1000" xmpDM:trackName="Captioning" stFnt:fontFamily="Arial" tscDM:fontSize="30" tscDM:bgOpacity="0.750000" tscDM:position="overlay">
                     <xmpDM:markers>
                        <rdf:Seq>
                           <rdf:li><rdf:Description xmpDM:duration="6000" xmpDM:startTime="0" tscDM:valign="bottom" tscDM:halign="center"><xmpDM:name><rdf:Alt><rdf:li xml:lang="en-US">{\rtf1 Yếu tố thứ ba của một phần mở đầu hiệu quả là truyền đạt mục tiêu của bài học.}</rdf:li></rdf:Alt></xmpDM:name></rdf:Description></rdf:li><rdf:li><rdf:Description xmpDM:duration="5000" xmpDM:startTime="6000" tscDM:valign="bottom" tscDM:halign="center"><xmpDM:name><rdf:Alt><rdf:li xml:lang="en-US">{\rtf1 Học sinh sẽ nỗ lực hơn và học nhiều hơn nếu các em biết mình được kỳ vọng \par những gì.}</rdf:li></rdf:Alt></xmpDM:name></rdf:Description></rdf:li><rdf:li><rdf:Description xmpDM:duration="5000" xmpDM:startTime="11000" tscDM:valign="bottom" tscDM:halign="center"><xmpDM:name><rdf:Alt><rdf:li xml:lang="en-US">{\rtf1 Việc xem lại mục tiêu giúp học sinh có mục tiêu rõ ràng cho quá trình học tập.}</rdf:li></rdf:Alt></xmpDM:name></rdf:Description></rdf:li><rdf:li><rdf:Description xmpDM:duration="6000" xmpDM:startTime="16000" tscDM:valign="bottom" tscDM:halign="center"><xmpDM:name><rdf:Alt><rdf:li xml:lang="en-US">{\rtf1 Nó cũng cung cấp mục đích cho bài học và có thể làm cho việc học trở nên phù \par hợp hơn với cuộc sống của học sinh.}</rdf:li></rdf:Alt></xmpDM:name></rdf:Description></rdf:li><rdf:li><rdf:Description xmpDM:duration="8000" xmpDM:startTime="22000" tscDM:valign="bottom" tscDM:halign="center"><xmpDM:name><rdf:Alt><rdf:li xml:lang="en-US">{\rtf1 Hãy xem danh sách các chiến lược có thể được sử dụng để truyền đạt mục tiêu bài \par học.}</rdf:li></rdf:Alt></xmpDM:name></rdf:Description></rdf:li><rdf:li><rdf:Description xmpDM:duration="7000" xmpDM:startTime="30000" tscDM:valign="bottom" tscDM:halign="center"><xmpDM:name><rdf:Alt><rdf:li xml:lang="en-US">{\rtf1 Để truyền đạt hiệu quả mục tiêu bài học, giáo viên nên sử dụng ít nhất một trong \par những chiến lược này.}</rdf:li></rdf:Alt></xmpDM:name></rdf:Description></rdf:li><rdf:li><rdf:Description xmpDM:duration="19000" xmpDM:startTime="52000" tscDM:valign="bottom" tscDM:halign="center"><xmpDM:name><rdf:Alt><rdf:li xml:lang="en-US">{\rtf1 Hãy dành chút thời gian để xem xét một ví dụ về mục tiêu được truyền đạt hiệu quả.}</rdf:li></rdf:Alt></xmpDM:name></rdf:Description></rdf:li><rdf:li><rdf:Description xmpDM:duration="3000" xmpDM:startTime="71000" tscDM:valign="bottom" tscDM:halign="center"><xmpDM:name><rdf:Alt><rdf:li xml:lang="en-US">{\rtf1 Đọc ví dụ không hiệu quả.}</rdf:li></rdf:Alt></xmpDM:name></rdf:Description></rdf:li><rdf:li><rdf:Description xmpDM:duration="8000" xmpDM:startTime="83000" tscDM:valign="bottom" tscDM:halign="center"><xmpDM:name><rdf:Alt><rdf:li xml:lang="en-US">{\rtf1 Mục tiêu thì tốt, nhưng giáo viên không nói gì về lý do tại sao việc học nó lại quan \par trọng đối với học sinh.}</rdf:li></rdf:Alt></xmpDM:name></rdf:Description></rdf:li><rdf:li><rdf:Description xmpDM:duration="6000" xmpDM:startTime="91000" tscDM:valign="bottom" tscDM:halign="center"><xmpDM:name><rdf:Alt><rdf:li xml:lang="en-US">{\rtf1 Việc nói với học sinh rằng sẽ có bài kiểm tra về mục tiêu này không phải là cách tốt \par để đầu tư cho việc học của các em.}</rdf:li></rdf:Alt></xmpDM:name></rdf:Description></rdf:li><rdf:li><rdf:Description xmpDM:duration="5000" xmpDM:startTime="97000" tscDM:valign="bottom" tscDM:halign="center"><xmpDM:name><rdf:Alt><rdf:li xml:lang="en-US">{\rtf1 Thay vào đó, giáo viên có thể giải thích rằng tế bào là khối xây dựng nên mọi sự \par sống,}</rdf:li></rdf:Alt></xmpDM:name></rdf:Description></rdf:li><rdf:li><rdf:Description xmpDM:duration="7000" xmpDM:startTime="102000" tscDM:valign="bottom" tscDM:halign="center"><xmpDM:name><rdf:Alt><rdf:li xml:lang="en-US">{\rtf1 và hiểu được cách chúng hoạt động sẽ giúp học sinh hiểu được cách toàn bộ cơ \par thể con người hoạt động.}</rdf:li></rdf:Alt></xmpDM:name></rdf:Description></rdf:li><rdf:li><rdf:Description xmpDM:duration="200" xmpDM:startTime="112000" tscDM:valign="bottom" tscDM:halign="center"><xmpDM:name><rdf:Alt><rdf:li xml:lang="en-US">{\rtf1 Yếu tố thứ hai của nghiên cứu là}</rdf:li></rdf:Alt></xmpDM:name></rdf:Description></rdf:li></rdf:Seq>
                     </xmpDM:markers>
                     <tsc:fgColor xmpG:red="255" xmpG:green="255" xmpG:blue="255"/><tsc:bgColor xmpG:red="0" xmpG:green="0" xmpG:blue="0"/></rdf:Description>
               </rdf:li>
               <rdf:li>
                  <rdf:Description xmpDM:trackType="Quiz" xmpDM:frameRate="f1000" xmpDM:trackName="Quiz" tscIQ:quizGuid="0351EEDD-C1A5-45C0-9269-9E1136806BFF" tscIQ:authoredEmail="bGVuaGhhYmFvdHJvbmdAZ21haWwuY29t" tscIQ:requireUserId="0" tscIQ:locale="en-US" tscIQ:reportMethod="APIANDSCORM" tscIQ:allowSkipQuiz="0" tscIQ:clientId="1CDF22D874AC443FBBB68075B4AE31CD" tscIQ:hideReplay="0" tscIQ:quizHash="3aecdde63d72b3c948d153d2788341ae">
                     <xmpDM:markers>
                        <rdf:Seq>
                           <rdf:li><rdf:Description xmpDM:startTime="83167" tscIQ:feedback="1" tscIQ:questionSetName="Quiz 1"><tscIQ:questions><rdf:Seq><rdf:li><rdf:Description tscIQ:type="MC" tscIQ:id="0"><tscIQ:question>Chọn câu trả lời đúng</tscIQ:question><tscIQ:correctAnswer>2</tscIQ:correctAnswer><tscIQ:answerArray><rdf:Seq><rdf:li><rdf:Description tscIQ:orderId="0"><tscIQ:answer>Mục tiêu không thể đo lường được</tscIQ:answer></rdf:Description></rdf:li><rdf:li><rdf:Description tscIQ:orderId="1"><tscIQ:answer>Nói rằng mục tiêu sẽ có trong bài kiểm tra không giải thích được tầm quan trọng của nó</tscIQ:answer></rdf:Description></rdf:li><rdf:li><rdf:Description tscIQ:orderId="2"><tscIQ:answer>Giáo viên không cho học sinh tham gia vào việc đọc mục tiêu</tscIQ:answer></rdf:Description></rdf:li></rdf:Seq></tscIQ:answerArray><tscIQ:feedback><rdf:Bag><rdf:li><rdf:Description tscIQ:reason="correct"><xmpDM:name><rdf:Alt><rdf:li>Đúng</rdf:li></rdf:Alt></xmpDM:name></rdf:Description></rdf:li><rdf:li><rdf:Description tscIQ:reason="incorrect" tscIQ:jumpToTime="0"><xmpDM:name><rdf:Alt><rdf:li>Sai</rdf:li></rdf:Alt></xmpDM:name></rdf:Description></rdf:li></rdf:Bag></tscIQ:feedback></rdf:Description></rdf:li></rdf:Seq></tscIQ:questions></rdf:Description></rdf:li></rdf:Seq>
                     </xmpDM:markers>
                     <tscIQ:QuizParams><rdf:Bag><rdf:li xmpDM:name="txtPrev" xmpDM:value="Quay lại"/><rdf:li xmpDM:name="txtNext" xmpDM:value="Đi tiếp"/><rdf:li xmpDM:name="txtAnswerQuestion" xmpDM:value="Trả lời câu hỏi"/><rdf:li xmpDM:name="txtSubmit" xmpDM:value="Trả lời"/><rdf:li xmpDM:name="txtReview" xmpDM:value="Xem lại"/><rdf:li xmpDM:name="txtReviewAnswer" xmpDM:value="Xem câu trả lời"/><rdf:li xmpDM:name="txtContinue" xmpDM:value="Tiếp tục"/></rdf:Bag></tscIQ:QuizParams></rdf:Description>
               </rdf:li>
            </rdf:Bag>
         </xmpDM:Tracks>
         <tscDM:controller>
            <rdf:Description xmpDM:name="tscplayer">
               <tscDM:parameters>
                  <rdf:Bag>
                     <rdf:li xmpDM:name="autohide" xmpDM:value="true"/><rdf:li xmpDM:name="autoplay" xmpDM:value="false"/><rdf:li xmpDM:name="loop" xmpDM:value="false"/><rdf:li xmpDM:name="searchable" xmpDM:value="true"/><rdf:li xmpDM:name="captionsenabled" xmpDM:value="false"/><rdf:li xmpDM:name="sidebarenabled" xmpDM:value="false"/><rdf:li xmpDM:name="unicodeenabled" xmpDM:value="false"/><rdf:li xmpDM:name="backgroundcolor" xmpDM:value="000000"/><rdf:li xmpDM:name="sidebarlocation" xmpDM:value="left"/><rdf:li xmpDM:name="endaction" xmpDM:value="stop"/><rdf:li xmpDM:name="endactionparam" xmpDM:value="true"/><rdf:li xmpDM:name="locale" xmpDM:value="en-US"/></rdf:Bag>
               </tscDM:parameters>
               <tscDM:controllerText>
                  <rdf:Bag>
                  </rdf:Bag>
               </tscDM:controllerText>
            </rdf:Description>
         </tscDM:controller>
         <tscDM:contentList>
            <rdf:Description>
               <tscDM:files>
                  <rdf:Seq>
                     <rdf:li xmpDM:name="0" xmpDM:value="module21_4.mp4"/><rdf:li xmpDM:name="1" xmpDM:value="module21_4.zip"/><rdf:li xmpDM:name="2" xmpDM:value="module21_4_First_Frame.png"/></rdf:Seq>
               </tscDM:files>
            </rdf:Description>
         </tscDM:contentList>
      </rdf:Description>
   </rdf:RDF>
</x:xmpmeta>